,year,make,model,price
0,2023,Honda,Elevate,14530
1,2023,Honda,e,37140
2,2023,Honda,e Advance,37140
3,2023,Honda,Pilot Elite AWD,52030
4,2023,Honda,Pilot EX-L 8-Passenger AWD,42310
5,2023,Honda,Pilot EX-L 8-Passenger 2WD,41950
6,2023,Honda,Pilot Sport 4WD,40080
7,2023,Honda,City ZX CVT,19350
8,2023,Honda,City V CVT,16510
9,2023,Honda,New City ZX Petrol MT,17880
10,2023,Honda,New City VX Petrol MT,16400
11,2023,Honda,City Hybrid eHEV ZX,24770
12,2023,Honda,City Hybrid eHEV V,22970
13,2023,Honda,New City V Petrol MT,15030
14,2023,Honda,New City SV Petrol MT,14010
15,2023,Honda,City Hybrid ZX CVT,28520
16,2023,Honda,City Hybrid V CVT,26450
17,2023,Honda,City V,17500
18,2023,Honda,City SV,16260
19,2023,Honda,City Hybrid,26640
20,2023,Honda,HR-V VTi-S,28230
21,2023,Honda,HR-V VTi,27470
22,2023,Honda,Accord EX,29610
23,2023,Honda,Civic Type R Touring Manual,43290
24,2023,Honda,Passport EX-L,41100
25,2023,Honda,Pilot EX-L AWD,42310
26,2023,Honda,CR-V EX-L AWD,35260
27,2023,Honda,CR-V EX AWD,32610
28,2023,Honda,CR-V Hybrid Sport AWD,33950
29,2023,Honda,Civic Type R Touring,42890
30,2023,Honda,Civic Sport Sedan,24650
31,2023,Honda,Accord Hybrid Sport-L,33870
32,2023,Honda,Accord Sedan,28000
33,2023,Honda,ZR-V,25000
34,2023,BMW,i3s 120 Ah,45550
35,2023,BMW,iX3,70930
36,2023,BMW,i4 xDrive40,62600
37,2023,BMW,i7 eDrive50,106700
38,2023,BMW,iX1 xDrive30,60490
39,2023,BMW,i7 M70 xDrive,350000
40,2023,BMW,M2 Brooklyn Grau,63500
41,2023,BMW,M2 Zandvoort Blau,63000
42,2023,BMW,X1 sDrive18d M Sport,69420
43,2023,BMW,X1 sDrive18i xLine,64550
44,2023,BMW,X7 xDrive40d M Sport,179890
45,2023,BMW,X7 xDrive40i M Sport,171330
46,2023,BMW,Alpina B5 GT Sedan,156890
47,2023,BMW,Alpina B5 GT Wagon,161100
48,2023,BMW,M4 Competition Coupe,78600
49,2023,BMW,i4 eDrive35,51400
50,2023,BMW,3.0 CSL Coupe,750000
51,2023,BMW,5 Series Hybrid,56400
52,2023,BMW,4 Series M440i Gran Coupe,57450
53,2023,BMW,M8 Coupe Competition,308090
54,2023,BMW,M6,105990
55,2023,BMW,530i xDrive,57100
56,2023,BMW,530e Plug-In Hybrid,56400
57,2023,Lexus,LC 500 Edge Limited Edition,126290
58,2023,Lexus,RZ 450e Luxury,64000
59,2023,Lexus,RZ 450e Premium,58500
60,2023,Lexus,LX Ultra Luxury,126000
61,2023,Lexus,LC 500 Coupe,94000
62,2023,Lexus,IS 350 F SPORT Design AWD,44510
63,2023,Lexus,IS 300 AWD,41435
64,2023,Lexus,ES 350 F SPORT Handling,47800
65,2023,Lexus,NX 350h Luxury,49000
66,2023,Lexus,ES 300h F SPORT Design,46920
67,2023,Lexus,ES 250 F SPORT Design,45920
68,2023,Lexus,NX 250 Premium,41650
69,2023,Lexus,NX 350 F SPORT Handling,47050
70,2023,Lexus,UX 300e 73kWh,35920
71,2023,Lexus,UX 250h F SPORT HANDLING,42200
72,2023,Lexus,UX 250h Premium AWD,38630
73,2023,Lexus,UX 250h Premium,37230
74,2023,Lexus,UX 250h F SPORT DESIGN,37230
75,2023,Lexus,UX 250h AWD,36170
76,2023,Lexus,BX,57575
77,2023,Lexus,RX Hybrid 500h F Sport Performance,61600
78,2023,Lexus,NX 450h+ Plug-in Hybrid F SPORT,58400
79,2023,Lexus,RX Hybrid 350h,49000
80,2023,Lexus,IS 350 F Sport RWD,45760
81,2023,Lexus,UX Hybrid,34770
82,2023,Lexus,UX,43605
83,2023,Hyundai,Ioniq 5 LR AWD 77kWh,64960
84,2023,Hyundai,Ioniq 5 LR RWD 77kWh,56610
85,2023,Hyundai,Ioniq 6 LR AWD,49000
86,2023,Hyundai,Ioniq 6 LR RWD,45500
87,2023,Hyundai,Ioniq 6 SR RWD,41600
88,2023,Hyundai,Exter SUV,7300
89,2023,Hyundai,Exter,7300
90,2023,Hyundai,Mufasa,20000
91,2023,Hyundai,Verna SX (O) 1.5 VTVT IVT,19730
92,2023,Hyundai,Verna SX (O)1.5 VTVT,17870
93,2023,Hyundai,Verna SX 1.5 CRDi,15530
94,2023,Hyundai,loniq 6 Limited AWD,56100
95,2023,Hyundai,Ioniq 6 Limited,52600
96,2023,Hyundai,Ioniq 6 SEL AWD,51200
97,2023,Hyundai,Ioniq 6 SEL,47700
98,2023,Hyundai,Ioniq 6 SE AWD,49000
99,2023,Hyundai,Ioniq 6 SE,45500
100,2023,Hyundai,Ioniq 6 SE Standard Range,41600
101,2023,Hyundai,Verna SX 1.5 CRDi AT,16980
102,2023,Hyundai,Verna SX 1.5 VTVT IVT,17270
103,2023,Hyundai,Sonata 2.5,37120
104,2023,Hyundai,Sonata 2.0,34120
105,2023,Hyundai,Venue N Line N8 DCT,16450
106,2023,Hyundai,Verna SX 1.5 VTVT,13860
107,2023,Hyundai,Verna S Plus 1.5 CRDi,13630
108,2023,Hyundai,Venue N Line N8 DCT Dual Tone,16610
109,2023,Hyundai,Verna S Plus 1.5 VTVT,12160
110,2023,Hyundai,Verna E 1.5 VTVT,11700
111,2023,Hyundai,Venue N Line N6 DCT Dual Tone,15460
112,2023,Hyundai,Venue N Line N6 DCT,15280
113,2023,Hyundai,Venue N-Line,15190
114,2023,Hyundai,Grand i10 Nios Era,8150
115,2023,Hyundai,Aura E,9240
116,2023,Hyundai,Stargazer,12230
117,2023,Hyundai,Venue N Line,15190
118,2023,Hyundai,Elantra Manual,32900
119,2023,Hyundai,Elantra N Coupe,32920
120,2023,Hyundai,Grandeur Calligraphy Black Ink,30600
121,2023,Hyundai,Kona SE AWD,23640
122,2023,Hyundai,Kona N Line AWD,29350
123,2023,Hyundai,Palisade SE AWD,37150
124,2023,Hyundai,Palisade Limited AWD,48700
125,2023,Hyundai,Palisade Limited AWD,48700
126,2023,Hyundai,Kona N Line,27700
127,2023,Hyundai,Ioniq 5 Limited,52600
128,2023,Hyundai,Ioniq 5 SEL,46250
129,2023,Toyota,Tundra 1794 Edition Hybrid,68200
130,2023,Toyota,Urban Cruiser Hyryder,13080
131,2023,Toyota,Bz4x AWD,48800
132,2023,Toyota,Bz4x FWD,46700
133,2023,Toyota,bZ3 65kWh,24500
134,2023,Toyota,bZ3 50kWh,27500
135,2023,Toyota,Innova Crysta VX 2.4 8 STR,29150
136,2023,Toyota,Innova Crysta GX 7 STR,24450
137,2023,Toyota,Supra Plasma Orange 100 Edition,55750
138,2023,Toyota,Innova Crysta G-SLF 8 STR,23510
139,2023,Toyota,Innova Crysta G-SLF 7 STR,23450
140,2023,Toyota,Innova Hycross ZX (O) Hybrid 7 STR,36310
141,2023,Toyota,Innova Hycross ZX Hybrid 7 STR,35530
142,2023,Toyota,Innova Hycross VX (O) Hybrid 8 STR,32490
143,2023,Toyota,Innova Hycross VX (O) Hybrid 7 STR,32420
144,2023,Toyota,Prius Limited AWD-e,34460
145,2023,Toyota,Innova Hycross VX Hybrid 8 STR,30010
146,2023,Toyota,Innova Hycross VX Hybrid 7 STR,29950
147,2023,Toyota,Innova Hycross GX 8 STR,23540
148,2023,Toyota,Innova Hycross GX 7 STR,23470
149,2023,Toyota,Innova Hycross G-SLF 8 STR,22590
150,2023,Toyota,Innova Hycross G-SLF 7 STR,22540
151,2023,Toyota,Aygo X Undercover,17000
152,2023,Toyota,Land Cruiser ZX Gasoline 3.5L,536530
153,2023,Toyota,Corolla,26700
154,2023,Toyota,Prius Prime XSE Premium,35600
155,2023,Toyota,Prius Prime XSE,35600
156,2023,Toyota,Prius Prime SE,32350
157,2023,Toyota,RAV4 Prime SE Plug-in Hybrid,42340
158,2023,Toyota,Sequoia Limited 4WD,67700
159,2023,Toyota,Century SUV,170000
160,2023,Toyota,RAV4 Hybrid,30720
161,2023,Toyota,Highlander Hybrid Platinum AWD,52620
162,2023,Toyota,Highlander Platinum AWD,51220
163,2023,Toyota,Highlander Limited AWD,48020
164,2023,Toyota,Camry SE AWD,29160
165,2023,Toyota,Sienna XSE AWD,44450
166,2023,Toyota,Yaris MT 1.3,16000
167,2023,Toyota,Yaris MT 1.5,18000
168,2023,Toyota,RAV4 Hybrid XSE,35885
169,2023,KIA,EV6 Limited Edition,63000
170,2023,KIA,EV6 SR RWD,42700
171,2023,KIA,Forte LX IVT,19690
172,2023,KIA,Forte GT-Line IVT,21690
173,2023,KIA,Forte LXS IVT,19990
174,2023,KIA,Stonic Quantum Special Edition,26400
175,2023,KIA,K5 GT-Line AWD,28190
176,2023,KIA,Telluride SX-P X-Pro,52780
177,2023,KIA,Telluride SX-P X-Line,51785
178,2023,KIA,Telluride SX X-Pro,49885
179,2023,KIA,Telluride SX X-Line,48885
180,2023,KIA,Niro SX Touring,34790
181,2023,KIA,Niro SX,32490
182,2023,KIA,Niro EX Touring,31390
183,2023,KIA,Telluride S AWD,39590
184,2023,KIA,Telluride LX AWD,37690
185,2023,KIA,Sorento Hybrid EX AWD,38890
186,2023,KIA,Sorento LX AWD,31790
187,2023,KIA,Niro EV SX,44450
188,2023,KIA,EV6 GT-Line,52700
189,2023,KIA,EV6 Wind AWD,52400
190,2023,KIA,EV6 Wind,48500
191,2023,KIA,Picanto,14000
192,2023,KIA,Cerato,18380
193,2023,KIA,Sorento Plug-in Hybrid SX Prestige,49890
194,2023,KIA,Rio5 S,17490
195,2023,KIA,Carens Premium Turbo,15050
196,2023,KIA,Carnival LX Seat Package,34900
197,2023,Nissan,e-NV200,31500
198,2023,Nissan,Ariya Evolve Plus e-4ORCE,63530
199,2023,Nissan,Ariya Engage 2WD 87kWh,43190
200,2023,Nissan,Ariya Engage 2WD 63kWh,43190
201,2023,Nissan,Ariya ENGAGE Plus,51190
202,2023,Nissan,Ariya PREMIERE,54690
203,2023,Nissan,Ariya PLATINUM Plus,60190
204,2023,Nissan,Ariya EVOLVE e-4ORCE AWD,54190
205,2023,Nissan,Ariya ENGAGE e-4ORCE AWD,47190
206,2023,Nissan,Ariya e-4ORCE,55870
207,2023,Nissan,Ariya EMPOWER Plus,53690
208,2023,Nissan,Ariya EVOLVE Plus,50190
209,2023,Nissan,Ariya VENTURE Plus,47190
210,2023,Nissan,Ariya ENGAGE,43190
211,2023,Nissan,Altima 2.5 SL AWD,33490
212,2023,Nissan,Altima 2.5 SR AWD,28990
213,2023,Nissan,Altima 2.5 SR,27490
214,2023,Nissan,Altima 2.5 SV,26090
215,2023,Nissan,Rogue Platinum AWD,38640
216,2023,Nissan,Pathfinder Rock Creek,43020
217,2023,Nissan,Murano Platinum AWD,45210
218,2023,Nissan,Murano S AWD,35360
219,2023,Nissan,Murano AWD SV,38900
220,2023,Nissan,Murano SV AWD,38900
221,2023,Nissan,Murano SL AWD,42860
222,2023,Nissan,Sentra SR,22700
223,2023,Nissan,Armada SL,57760
224,2023,Nissan,Altima 2.5 SL,31990
225,2023,Nissan,Rogue SL AWD,35210
226,2023,Nissan,Formula E,57800
227,2023,Nissan,Z Performance Auto,49990
228,2023,Nissan,Armada S 4WD,52900
229,2023,Nissan,Altima 2.5 SV AWD,27590
230,2023,Nissan,Pathfinder Platinum 4WD,49870
231,2023,Nissan,Versa S CVT,18250
232,2023,Nissan,Z Sport Auto,39990
233,2023,Nissan,Z,39990
234,2023,Nissan,Armada SV 4WD,56900
235,2023,Nissan,Z GT4,229000
236,2023,Nissan,GT-R Premium,113540
237,2023,Nissan,GT-R,113540
238,2023,Nissan,Urvan,25600
239,2023,Nissan,350Z,37890
240,2023,Nissan,Juke,17700
241,2023,Audi,A3 Sedan Premium 40 TFSI quattro,37400
242,2023,Audi,Q5 Premium Plus 40 TFSI quattro,44200
243,2023,Audi,Q5 Prestige 40 TFSI quattro,44200
244,2023,Audi,SQ7 4.0T Premium Plus quattro,90200
245,2023,Audi,A3 Sedan Premium Plus 40 TFSI quattro,37400
246,2023,Audi,RS4 Avant competition,87320
247,2023,Audi,SQ8 e-tron quattro,97000
248,2023,Audi,Q8 55 e-tron quattro,75000
249,2023,Audi,Q8 Sportback 50 e-tron Quattro,69000
250,2023,Audi,Q8 Sportback 55 e-tron Quattro,77800
251,2023,Audi,SQ8 Sportback e-tron quattro,100800
252,2023,Audi,RS E-Tron GT Special Edition,179900
253,2023,Audi,Q3 Sportback,62020
254,2023,Audi,Q5,43500
255,2023,Audi,R8 Coupe,222000
256,2023,Audi,A4 Avant,45900
257,2023,Audi,SQ5 3.0T Premium Quattro,55600
258,2023,Audi,Q4 Sportback e-tron,58200
259,2023,Audi,Q4 50 e-tron Premium,55200
260,2023,Audi,Q4 50 e-tron Prestige,90800
261,2023,Audi,S6 2.9T Premium quattro,73700
262,2023,Audi,Q4 40 e-tron Premium Plus,90800
263,2023,Audi,RS7 Sportback,120900
264,2023,Audi,RS6 Avant Performance,118900
265,2023,Audi,RS3,58900
266,2023,Audi,R8 V10 GT RWD,225000
267,2023,Audi,A6 Premium Plus 45 TFSI quattro,55900
268,2023,Chevrolet,Camaro LT1 Convertible,42400
269,2023,Chevrolet,Camaro 1SS Convertible,45900
270,2023,Chevrolet,Camaro 2SS Convertible,50900
271,2023,Chevrolet,Corvette Stingray Limited Edition,90800
272,2023,Chevrolet,Bolt EV 65kWh,32500
273,2023,Chevrolet,Silverado EV RST,105000
274,2023,Chevrolet,Bolt EV 66kWh,37500
275,2023,Chevrolet,Silverado EV WT,40000
276,2023,Chevrolet,Colorado ZR2 Bison,43900
277,2023,Chevrolet,Corvette Z06 2LZ Coupe,114500
278,2023,Chevrolet,Corvette Z06 1LZ Coupe,105300
279,2023,Chevrolet,Camaro 2SS Coupe,44900
280,2023,Chevrolet,Camaro 1SS Coupe,39900
281,2023,Chevrolet,Camaro LT1 Coupe,36400
282,2023,Chevrolet,Camaro 3LT Coupe,32900
283,2023,Chevrolet,Camaro 2LT Coupe,28900
284,2023,Chevrolet,Camaro 1LT Coupe,26900
285,2023,Chevrolet,Blazer 2LT AWD,36100
286,2023,Chevrolet,Montana,25000
287,2023,Chevrolet,Onix,17195
288,2023,Ford,GT 68 Heritage Edition,1100000
289,2023,Ford,F-150 Shelby Centennial Edition,138500
290,2023,Ford,E-Tourneo Courier,39990
291,2023,Ford,F-150 Lightning LR AWD,81000
292,2023,Ford,Mustang Mach-E SR AWD,49000
293,2023,Ford,Mustang Mach-E SR,46000
294,2023,Ford,F-150 Lightning SR AWD,56000
295,2023,Ford,Shelby Mustang Mach-E GT,65400
296,2023,Ford,Transit Trail Camper Van 250,65970
297,2023,Ford,Ranger Wildtrak X,51000
298,2023,Ford,Transit Passenger Van,50130
299,2023,Ford,Bronco Sport,29210
300,2023,Ford,Mustang EcoBoost Premium Convertible,38290
301,2023,Ford,Ranger LARIAT,35500
302,2023,Ford,Mustang GT Premium,43360
303,2023,Ford,Mustang GT,38340
304,2023,Ford,Mustang EcoBoost Premium,32790
305,2023,Ford,Mustang Mach-E California Route 1,63570
306,2023,Ford,Mustang Mach-E Premium,54970
307,2023,Ford,F-450 Super Duty Limited,97810
308,2023,Ford,F-450 Super Duty Platinum,89455
309,2023,Ford,F-450 Super Duty King Ranch,85585
310,2023,Ford,F-450 Super Duty Lariat,73910
311,2023,Ford,F-450 Super Duty XLT,62645
312,2023,Ford,F-450 Super Duty XL,56625
313,2023,Ford,F-250 Super Duty Platinum,76865
314,2023,Ford,E-Transit Cargo Van 350,53790
315,2023,Ford,E-Transit Cargo Van 350 Chassis,50100
316,2023,Ford,Mustang,27770
317,2023,Ford,F-250 Super Duty King Ranch,75975
318,2023,Ford,F-250 Super Duty Lariat,61410
319,2023,Ford,Explorer Hybrid Limited,54060
320,2023,Ford,Expedition XL STX,54155
321,2023,Ford,Expedition Max XL 4x4,60200
322,2023,Ford,Escape Plug-In Hybrid,38500
323,2023,Ford,Bronco Sport Heritage Limited Edition,44655
324,2023,Ford,Bronco Sport Badlands,37340
325,2023,Ford,Bronco Sport Outer Banks,35615
326,2023,Ford,Bronco Sport Heritage Edition,32650
327,2023,Ford,Bronco Sport Big Bend,30930
328,2023,Ford,Bronco Sport Base,29215
329,2023,Ford,Bronco Heritage Limited Edition 4-Door,69185
330,2023,Ford,Bronco Heritage Limited Edition 2-Door,66895
331,2023,Mercedes,AMG G63 Grand Edition,249600
332,2023,Mercedes,EQA 300 4MATIC,57400
333,2023,Mercedes,EQS 350,102310
334,2023,Mercedes,EQA 350 4MATIC,60280
335,2023,Mercedes,EQV 250 Long,72720
336,2023,Mercedes,EQV 250 Extra Long,73680
337,2023,Mercedes,EQV 300 Long,76560
338,2023,Mercedes,EQV 300 Extra Long,77520
339,2023,Mercedes,AMG SL 43 Roadster,110000
340,2023,Mercedes,AMG SL43,110000
341,2023,Mercedes,EQS SUV 450 4MATIC,114470
342,2023,Mercedes,EQS 450 4MATIC,113050
343,2023,Mercedes,AMG CLS 53,87550
344,2023,Mercedes,EQT,50000
345,2023,Mercedes,Benz GLA-Class SUV,37500
346,2023,Mercedes,Benz GLB Class,39800
347,2023,Mercedes,AMG GT63 S E Performance,209600
348,2023,Mercedes,Benz EQA SUV,55300
349,2023,Mercedes,Benz S Class,243720
350,2023,Mercedes,AMG GLC 63 S 4MATIC Coupe,85600
351,2023,Mercedes,AMG C63 Coupe,81850
352,2023,Mercedes,Benz C Class Convertible,57250
353,2023,Mercedes,Benz C Class Coupe,49550
354,2023,Mercedes,AMG GT 53,106700
355,2023,Mercedes,Maybach GLS,170000
356,2023,Mercedes,AMG GT 53 4MATIC Plus,106800
357,2023,Mercedes,AMG GT,294070
358,2023,Porsche,718 Boxster GTS 4.0,92400
359,2023,Porsche,911 Dakar Dakar,222000
360,2023,Porsche,911 Turbo S by Mansory,232000
361,2023,Porsche,Taycan Art Car,200000
362,2023,Porsche,Panamera E-Hybrid Sport Turismo,113000
363,2023,Porsche,Panamera Sport Turismo,103200
364,2023,Porsche,Panamera Turbo,186400
365,2023,Porsche,Taycan Cross Turismo,97700
366,2023,Porsche,Cayenne Platinum Edition E-Hybrid,95500
367,2023,Porsche,Cayenne S Platinum Edition Coupe,97300
368,2023,Porsche,Cayenne S Coupe,95200
369,2023,Porsche,Cayenne S Platinum Edition,95100
370,2023,Porsche,Cayenne Platinum Edition,84800
371,2023,Porsche,Macan GTS,82900
372,2023,Porsche,Panamera 4S E-Hybrid Executive,130500
373,2023,Porsche,Panamera 4 E-Hybrid Platinum Edition,118800
374,2023,Porsche,Panamera 4 Platinum Edition,109300
375,2023,Porsche,Panamera Platinum Edition,105100
376,2023,Porsche,911 Turbo Cabriolet,195700
377,2023,Porsche,911 Targa Edition 50 Years Porsche Design,186200
378,2023,Porsche,911 Carrera GTS Cabriolet America,184920
379,2023,Porsche,911 Carrera 4 GTS Cabriolet,162700
380,2023,Porsche,718 Cayman S,75400
381,2023,Porsche,718 Cayman GTS 4.0,90300
382,2023,Porsche,718 Cayman T,72500
383,2023,Porsche,Panamera Hybrid,109000
384,2023,Porsche,Taycan Sport Turismo,136000
385,2023,Porsche,911 GT3 Touring Package,169700
386,2023,Porsche,911 GT3 Touring,170000
387,2023,Porsche,Macan,57500
388,2023,Porsche,Panamera 4,97000
389,2023,Porsche,Panamera,88400
390,2023,Porsche,911 Turbo S Cabriolet,228900
391,2023,Infiniti,QX50,40300
392,2023,Infiniti,QX80 Sensory AWD,87450
393,2023,Infiniti,QX80 Premium Select AWD,80400
394,2023,Infiniti,QX80 Luxe AWD,75800
395,2023,Infiniti,QX65,49200
396,2023,Infiniti,Q50 Red Sport 400 AWD,58500
397,2023,Infiniti,Q50 3.0t Luxe AWD,44650
398,2023,Infiniti,QX50 SPORT,48500
399,2023,Infiniti,Q50 3.0t SENSORY,48350
400,2023,Infiniti,QX80,72700
401,2023,Infiniti,QX60 SENSORY,58600
402,2023,Infiniti,QX55 Sensory AWD,58050
403,2023,Infiniti,Q60 Red Sport 400 AWD,61200
404,2023,Infiniti,QX55,49150
405,2023,Infiniti,Q50 3.0t Sensory AWD,50350
406,2023,Infiniti,QX60 AUTOGRAPH FWD,63600
407,2023,Infiniti,QX50 SENSORY AWD,54500
408,2023,Infiniti,QX50 AUTOGRAPH,57950
409,2023,Infiniti,QX50 SENSORY,52800
410,2023,Infiniti,QX50 Pure AWD,42300
411,2023,Infiniti,Q60 3.0t Pure AWD,45750
412,2023,Infiniti,QX50 ESSENTIAL,48800
413,2023,Infiniti,QX50 Luxe,43600
414,2023,Infiniti,QX50 Luxe AWD,45350
415,2023,Infiniti,QX50 Pure,40300
416,2023,Infiniti,Q60 Red Sport 400,59200
417,2023,Infiniti,QX80 Sensory,84350
418,2023,Infiniti,QX80 Premium Select,75900
419,2023,Infiniti,QX80 Luxe,72700
420,2023,Infiniti,Q60 3.0t Luxe,52300
421,2023,Infiniti,QX55 Sensory,57800
422,2023,Infiniti,Q60,43250
423,2023,Infiniti,Q60 3.0t Pure,42750
424,2023,Infiniti,Q50,42650
425,2023,Infiniti,QX60 Pure,49200
426,2023,Infiniti,Q50 Red Sport 400,56500
427,2023,Infiniti,Q50 3.0t Sensory,48350
428,2023,Jaguar,I-Pace 90kWh,71300
429,2023,Jaguar,I Pace EV400,69900
430,2023,Jaguar,I Pace EV320,79090
431,2023,Jaguar,F-Pace SVR Edition 1988,110000
432,2023,Jaguar,F-Type Coupe,73400
433,2023,Jaguar,F-Pace,52400
434,2023,Jaguar,E-Pace,48000
435,2023,Jaguar,F-Type 75 Special Edition,86000
436,2023,Jaguar,F-Type Convertible,76700
437,2023,Jaguar,F-Type P450 Convertible,75000
438,2023,Jaguar,I-Pace,71300
439,2023,Jaguar,XF Sedan,47000
440,2023,Jaguar,I-Pace HSE,71300
441,2023,Jaguar,I Pace,87230
442,2023,Jaguar,F Type P450 R Dynamic Coupe,73050
443,2023,Jaguar,F Type P450 R Dynamic,87200
444,2023,Jaguar,F Type P450,76700
445,2023,Jaguar,F-Type P450 R-Dynamic Coupe,83900
446,2023,Jaguar,I-Pace EV400,71000
447,2023,Jaguar,F-Type P450 R-Dynamic Convertible,85000
448,2023,Jaguar,F-Type P380 Coupe,81900
449,2023,Jaguar,F-Type P300 Coupe,63900
450,2023,Jaguar,F Pace SVR,89500
451,2023,Jaguar,F Pace P250 S,56000
452,2023,Jaguar,F Type P450 Coupe,76700
453,2023,Jaguar,F-Pace SVR,89500
454,2023,Jaguar,F-Type R Convertible,111200
455,2023,Jaguar,F-Pace P400 R-Dynamic S,64800
456,2023,Jaguar,F-Pace P340 S,60600
457,2023,Jaguar,F-Type P450 Coupe,73400
458,2023,Jaguar,F-Pace P250 S,56000
459,2023,Jaguar,F-Pace P250,52400
460,2023,Cadillac,CT4 Blackwing,60990
461,2023,Cadillac,Lyriq Tech,57190
462,2023,Cadillac,CT4 Premium,39590
463,2023,Cadillac,CT5-V Base,50995
464,2023,Cadillac,XT5,44190
465,2023,Cadillac,XT4,36295
466,2023,Cadillac,Escalade ESV,82295
467,2023,Cadillac,Escalade,79290
468,2023,Cadillac,CT5,38195
469,2023,Cadillac,CT4,34390
470,2023,Cadillac,Lyriq RWD,63000
471,2023,Cadillac,CT5 Blackwing,85990
472,2023,Cadillac,XT6,49000
473,2023,Cadillac,XT5 Luxury,44190
474,2023,Cadillac,Escalade ESV Premium Luxury,91090
475,2023,Cadillac,Escalade Premium Luxury Platinum,105595
476,2023,Cadillac,CT5-V Blackwing,91995
477,2023,Cadillac,CT5-V,50990
478,2023,Cadillac,CT4-V Blackwing,60495
479,2023,Cadillac,CT4-V,46590
480,2023,Cadillac,Escalade Esv Sport Platinum 4wd,115590
481,2023,Cadillac,Lyriq,57190
482,2023,Cadillac,Lyriq Luxury AWD,63790
483,2023,Cadillac,Escalade-V ESV,152195
484,2023,Cadillac,XT6 Premium,53990
485,2023,Cadillac,Escalade Sport Platinum 4WD,114590
486,2023,Cadillac,Escalade Premium Luxury 4WD,89890
487,2023,Land Rover,Defender 130,90980
488,2023,Land Rover,ge Rover Sport Deer Valley Edition,165000
489,2023,Land Rover,New Range Rover,104500
490,2023,Land Rover,ge Rover SV Lansdowne Edition,301000
491,2023,Land Rover,ge Rover Velar P400 HST,79200
492,2023,Land Rover,ge Rover P565 SVAutobiography LWB,215200
493,2023,Land Rover,ge Rover P565 SVAutobiography Dynamic,186700
494,2023,Land Rover,ge Rover P525 Autobiography LWB,154000
495,2023,Land Rover,ge Rover P525 Westminster LWB,119900
496,2023,Land Rover,ge Rover Hybrid P440e SE PHEV,108400
497,2023,Land Rover,ge Rover P530 SV,193100
498,2023,Land Rover,Discovery Sport P250 R-Dynamic SE,48500
499,2023,Land Rover,Defender 110 Carpathian Edition,118400
500,2023,Land Rover,Defender 130 X,99900
501,2023,Land Rover,Defender First Edition,84700
502,2023,Land Rover,Defender 130 X-Dynamic SE,81400
503,2023,Land Rover,Defender 130 S,68000
504,2023,Land Rover,ge Rover Velar,60300
505,2023,Land Rover,ge Rover Evoque,45000
506,2023,Land Rover,Discovery Sport,43300
507,2023,Land Rover,Discovery,58400
508,2023,Land Rover,Discovery Sport P250 R-Dynamic S,45100
509,2023,Land Rover,ge Rover Velar P340 R-Dynamic S,69200
510,2023,Land Rover,ge Rover 3.0 I Diesel Lwb Se,369940
511,2023,Land Rover,ge Rover SV Carmel Edition,345000
512,2023,Land Rover,ge Rover 3.0 l Petrol LWB SE,397180
513,2023,Land Rover,ge Rover 4.4 I Petrol SE,373070
514,2023,Land Rover,ge Rover 3.0 l Petrol HSE,408680
515,2023,Jeep,Wrangler Willys 4xe plug-in hybrid,54730
516,2023,Jeep,Wagoneer,58990
517,2023,Jeep,Grand Wagoneer L,91490
518,2023,Jeep,Grand Cherokee L,43030
519,2023,Jeep,Grand Cherokee 4xe,59860
520,2023,Jeep,Cherokee,37690
521,2023,Jeep,Wrangler Rubicon 20th Anniversary Edition,69590
522,2023,Jeep,Wrangler Rubicon Edition,69590
523,2023,Jeep,Wrangler Unlimited Rubicon Farout,47490
524,2023,Jeep,Wrangler Unlimited Freedom,35190
525,2023,Jeep,Wrangler Base,54730
526,2023,Jeep,Wagoneer Base,58990
527,2023,Jeep,Compass Sport,29990
528,2023,Jeep,Cherokee Altitude Lux,37695
529,2023,Jeep,Grand Cherokee,41030
530,2023,Jeep,Wrangler High Tide Edition,53400
531,2023,Jeep,Compass,35495
532,2023,Jeep,Grand Wagoneer Series III,71220
533,2023,Jeep,Grand Wagoneer Series II Obsidian,95090
534,2023,Jeep,Wrangler Unlimited Willys,35190
535,2023,Jeep,Gladiator Rubicon,50990
536,2023,Jeep,Grand Wagoneer L Series II Obsidian,98090
537,2023,Jeep,Wagoneer L,62490
538,2023,Jeep,Wagoneer L Series II Carbide 4x4,71080
539,2023,Jeep,Wagoneer L Series II Carbide,68080
540,2023,Jeep,Wrangler Unlimited High Altitude,45620
541,2023,Jeep,Avenger,33000
542,2023,Jeep,Grand Cherokee L Altitude 4x4,44320
543,2023,Jeep,Gladiator Freedom,38770
544,2023,Jeep,Gladiator,38770
545,2023,Jeep,Wrangler,31190
546,2023,Jeep,Wrangler Unlimited High Altitude 4xe plug-in hybrid,56840
547,2023,Jeep,Wagoneer L Series III 4x4,77220
548,2023,Jeep,Wagoneer L Series III,74220
549,2023,Jeep,Wagoneer L Series II 4x4,71080
550,2023,Jeep,Wagoneer L Series II,68080
551,2023,Jeep,Wrangler Unlimited Sahara 4xe plug-in hybrid,56840
552,2023,Jeep,Gladiator Mojave,50250
553,2023,Jeep,Wagoneer L Series I 4x4,65490
554,2023,Volkswagen,ID.4 GTX,57540
555,2023,Volkswagen,Polo GTI Edition 25,25500
556,2023,Volkswagen,ID. 2all,27610
557,2023,Volkswagen,ID.3 GTX,55050
558,2023,Volkswagen,ID.7 86kWh,43590
559,2023,Volkswagen,ID.7 77kWh,38000
560,2023,Volkswagen,Golf GTI 40th Anniversary Edition DSG,33050
561,2023,Volkswagen,Atlas Cross Sport 3.6L V6 SE With Technology,40380
562,2023,Volkswagen,Atlas Cross Sport 2.0T SE with Technology,38630
563,2023,Volkswagen,ID.7 Pro,40000
564,2023,Volkswagen,ID.4 Pro S Plus,51440
565,2023,Volkswagen,Atlas Cross Sport 3.6L V6 SEL Premium R-Line,51620
566,2023,Volkswagen,Atlas Cross Sport 3.6L V6 SEL R-Line Black,47930
567,2023,Volkswagen,Atlas Cross Sport 2.0T SEL R-Line Black,46180
568,2023,Volkswagen,Atlas Cross Sport 3.6L V6 SEL,45980
569,2023,Volkswagen,ID.7,38000
570,2023,Volkswagen,T-Roc Cabriolet Grey Edition,49000
571,2023,Volkswagen,Amarok,30000
572,2023,Volkswagen,Golf GTI 40th Anniversary Edition,33050
573,2023,Volkswagen,Atlas V6 SEL R-Line Black,48090
574,2023,Volkswagen,Atlas V6 SEL,46140
575,2023,Volkswagen,Multivan Edition,65000
576,2023,Volkswagen,ID.4 S,43990
577,2023,Volkswagen,Tiguan S,26590
578,2023,Volkswagen,Tiguan SE R-Line Black,33310
579,2023,Volkswagen,Tiguan SEL R-Line,37680
580,2023,Volkswagen,Tiguan,26590
581,2023,Volkswagen,Passat,27970
582,2023,Volkswagen,Jetta GLI,31340
583,2023,Volkswagen,Jetta,20410
584,2023,Maserati,GT2 Racecar,212000
585,2023,Maserati,Grecale Folgore,80000
586,2023,Maserati,GranTurismo Modena,130120
587,2023,Maserati,GranTurismo Folgore,215000
588,2023,Maserati,Quattroporte,104700
589,2023,Maserati,Levante,87600
590,2023,Maserati,Ghibli,82300
591,2023,Maserati,Ghibli F Tributo Q4,120390
592,2023,Maserati,Ghibli F Tributo,110890
593,2023,Maserati,Grecale Trofeo,102500
594,2023,Maserati,MC20 Cielo,240000
595,2023,Maserati,Grecale Trofeo Trofeo,102500
596,2023,Maserati,Ghibli S,80990
597,2023,Maserati,Levante Trofeo 3.8L,169100
598,2023,Maserati,Grecale Modena,72900
599,2023,Maserati,Grecale GT,63500
600,2023,Maserati,Quattroporte Modena Q4 3.0L,130300
601,2023,Maserati,Ghibli S Q4,84100
602,2023,Maserati,Ghibli GranSport,84690
603,2023,Maserati,Quattroporte GT 3.0L,98000
604,2023,Maserati,Quattroporte Trofeo 3.8L,151500
605,2023,Maserati,Ghibli GT 3.0L,78200
606,2023,Maserati,Grecale SUV,63500
607,2023,Maserati,MC20,220000
608,2023,Maserati,GranTurismo Sport,135000
609,2023,Maserati,Levante Modena S,123200
610,2023,Maserati,Levante GT,87600
611,2023,Maserati,Levante Trofeo,161400
612,2023,Maserati,Grecale,63500
613,2023,Maserati,Ghibli Trofeo,118500
614,2023,Maserati,Ghibli Modena Q4,91600
615,2023,Maserati,Ghibli Modena S,82900
616,2023,Maserati,Ghibli Modena,88900
617,2023,Maserati,Quattroporte GT,104700
618,2023,Maserati,Quattroporte Modena Q4,120200
619,2023,Subaru,WRX Premium,33100
620,2023,Subaru,Levorg STI Sport Performance Wagon,45000
621,2023,Subaru,Ascent Onyx Edition Limited,46290
622,2023,Subaru,Forester XT Edition,25400
623,2023,Subaru,Rex,13000
624,2023,Subaru,Forester 2.5X,24300
625,2023,Subaru,Legacy Sport,33890
626,2023,Subaru,BRZ Limited,31095
627,2023,Subaru,Outback Onyx Edition,33490
628,2023,Subaru,Legacy Premium,26695
629,2023,Subaru,Legacy Limited,31440
630,2023,Subaru,Legacy,24390
631,2023,Subaru,WRX Sedan,30600
632,2023,Subaru,BRZ,28590
633,2023,Subaru,WRX GT Sedan,43390
634,2023,Subaru,Ascent Onyx Edition,41290
635,2023,Subaru,Forester STI Sport,36490
636,2023,Subaru,WRX Limited CVT,39740
637,2023,Subaru,WRX Premium CVT,35150
638,2023,Subaru,Solterra Touring,51990
639,2023,Subaru,Solterra Limited,48490
640,2023,Subaru,WRX GT,43390
641,2023,Subaru,Crosstrek Limited,29495
642,2023,Dodge,Challenger Mopar Special Edition,55900
643,2023,Dodge,Durango SRT 392 Premium,72715
644,2023,Dodge,Durango SRT 392 Plus,72710
645,2023,Dodge,Durango SRT,70290
646,2023,Dodge,Challenger SRT Demon 170,96660
647,2023,Dodge,Hornet RT Plus PHEV,44990
648,2023,Dodge,Hornet R/T Plus PHEV,44990
649,2023,Dodge,Durango SXT Plus,38490
650,2023,Dodge,Charger Scat Pack Widebody,48740
651,2023,Dodge,Charger Pursuit Police,43080
652,2023,Dodge,Durango,51590
653,2023,Dodge,Hornet GT Plus,34990
654,2023,Dodge,Charger SRT Hellcat,77340
655,2023,Dodge,Challenger,30540
656,2023,Dodge,Charger Police AWD,42630
657,2023,Dodge,Charger Police,43085
658,2023,Dodge,Charger GT AWD,39270
659,2023,Dodge,Hornet R/T PHEV,39990
660,2023,Dodge,Hornet GT,29990
661,2023,Dodge,Durango SRT Hellcat,91180
662,2023,Dodge,Challenger SRT Hellcat Redeye,66040
663,2023,Dodge,Hornet,29990
664,2023,Dodge,Durango RT Plus,51790
665,2023,Dodge,Charger SRT Hellcat Redeye Widebody,77340
666,2023,Dodge,Durango R T Plus,50800
667,2023,Dodge,Charger SRT Hellcat Widebody,77340
668,2023,Dodge,Durango GT AWD,42590
669,2023,Dodge,Durango Citadel,52490
670,2023,Dodge,Charger RT,40740
671,2023,Dodge,Charger R/T,42380
672,2023,Dodge,Charger GT,35340
673,2023,Dodge,Charger Scat Pack,48740
674,2023,Mazda,BT 50 SP Pro,30000
675,2023,Mazda,MX-5 Kizuna,35000
676,2023,Mazda,CX-90 Hybrid Premium Plus,56950
677,2023,Mazda,CX-90 Hybrid Premium,52900
678,2023,Mazda,CX-90 Hybrid Preferred,47440
679,2023,Mazda,2,17750
680,2023,Mazda,CX-30 Turbo,31200
681,2023,Mazda,MX-5 Miata Sport,28050
682,2023,Mazda,3 Sedan 2.5 S Premium,29400
683,2023,Mazda,3 Sedan 2.5 S Carbon Edition,27200
684,2023,Mazda,3 Hatchback 2.5 S Premium,29150
685,2023,Mazda,3 Hatchback 2.5 S Carbon Edition,28200
686,2023,Mazda,CX-30 2.5 Turbo Premium Plus Package,35400
687,2023,Mazda,MX-30 e-Skyactiv R-EV,35470
688,2023,Mazda,MX-30,34470
689,2023,Mazda,MX-5 Miata RF,35750
690,2023,Mazda,6 20th Anniversary Edition,32450
691,2023,Mazda,CX-80,44000
692,2023,Mazda,3 Sedan 2.5 S Preferred,25550
693,2023,Mazda,MX-5 Miata,28000
694,2023,Mazda,3 Sedan,22550
695,2023,Mazda,3 Hatchback,23550
696,2023,Mazda,CX-5,26700
697,2023,Mazda,CX-9,38750
698,2023,Mazda,MX-5 Miata Club,31550
699,2023,Mazda,Cx 50 2.5 Turbo Meridian Edition,43000
700,2023,Mazda,CX-5 2.5 S Premium,33000
701,2023,Mazda,CX-5 2.5 S Preferred,30190
702,2023,Chrysler,Pacifica Pinnacle Plug-in Hybrid,59990
703,2023,Chrysler,300 S,50970
704,2023,Chrysler,300C,55000
705,2023,Chrysler,Voyager,33000
706,2023,Chrysler,Pacifica Hybrid,49990
707,2023,Chrysler,Pacifica,37020
708,2023,Chrysler,Pacifica Plug in Hybrid Touring L,52490
709,2023,Chrysler,Pacifica Pinnacle AWD,53980
710,2023,Chrysler,Pacifica Touring L AWD,43630
711,2023,Chrysler,300 Touring AWD,36290
712,2023,Chrysler,Pacifica Limited AWD,50650
713,2023,Chrysler,Pacifica Plug-in Hybrid Pinnacle,59990
714,2023,Chrysler,Pacifica Plug-in Hybrid Touring L,50490
715,2023,Chrysler,Pacifica Touring L,40630
716,2023,Chrysler,Pacifica Touring,37020
717,2023,Chrysler,300 Touring,33540
718,2023,Chrysler,300 Touring L AWD,38990
719,2023,Chrysler,300 Touring L,36740
720,2023,Chrysler,Pacifica Plug-in Hybrid Limited,54490
721,2023,Chrysler,300S,50970
722,2023,Chrysler,Pacifica Limited,47850
723,2023,Chrysler,Pacifica Pinnacle,53980
724,2023,Chrysler,Voyager LX,35490
725,2023,Chrysler,Voyager L,29930
726,2023,Chrysler,Voyager LXI,35240
727,2023,Chrysler,Pacifica Hybrid Limited,48370
728,2023,Chrysler,300,33540
729,2023,Aston Martin,Vantage Coupe,143900
730,2023,Aston Martin,V12 Vantage Convertible,348700
731,2023,Aston Martin,DBR22,2160000
732,2023,Aston Martin,DB11 Volante,233200
733,2023,Aston Martin,DBS 770 Ultimate,330600
734,2023,Aston Martin,Valkyrie Spider,3250000
735,2023,Aston Martin,Vanquish,336480
736,2023,Aston Martin,Vantage V12 Roadster,168180
737,2023,Aston Martin,V12 Vantage Coupe,298200
738,2023,Aston Martin,DBR22,2160000
739,2023,Aston Martin,DBS Volante RWD,354700
740,2023,Aston Martin,Vanquish Manual,460000
741,2023,Aston Martin,Valkyrie AMR PRO,3500000
742,2023,Aston Martin,V12 Vantage,298200
743,2023,Aston Martin,DBX 707,207680
744,2023,Aston Martin,R Pro,3500000
745,2023,Aston Martin,DBS,330600
746,2023,Aston Martin,Vantage Roadster F1 Edition,179800
747,2023,Aston Martin,Vantage Roadster F1 Edition Convertible,189800
748,2023,Aston Martin,Vantage F1 Edition,168500
749,2023,Aston Martin,DB11 V12,232500
750,2023,Aston Martin,DB11 V8,295600
751,2023,Aston Martin,DBX V8,185900
752,2023,Aston Martin,Vantage Coupe Manual,1280000
753,2023,Aston Martin,Valhalla Coupe,1280000
754,2023,Aston Martin,Dbx Coupe,188900
755,2023,Aston Martin,DB11 V8 Coupe,217000
756,2023,Aston Martin,DB11 V8 Volante,233200
757,2023,Aston Martin,Vantage Roadster,155100
758,2023,Aston Martin,DB11 AMR,265900
759,2023,Aston Martin,Vantage Coupe,143900
760,2023,Aston Martin,DBS Coupe,330600
761,2023,Aston Martin,Valkyrie,3600000
762,2023,Aston Martin,DBS Superleggera,366300
763,2023,Aston Martin,DBS Volante,349800
764,2023,Aston Martin,DBX SUV,185900
765,2023,Ferrari,KC23,510000
766,2023,Ferrari,SF90 Spider Mansory Edition,700000
767,2023,Ferrari,SF90 Spider Limited Edition,700000
768,2023,Ferrari,812 Competizione,603000
769,2023,Ferrari,Roma,222620
770,2023,Ferrari,812 Competizione A,672000
771,2023,Ferrari,296 GTB Assetto Fiorano,380900
772,2023,Ferrari,Monza SP2,1800000
773,2023,Ferrari,812 GTS,431500
774,2023,Ferrari,F8 Tributo,300000
775,2023,Ferrari,296 GTB Coupe,361400
776,2023,Ferrari,F8 Spider,322500
777,2023,Ferrari,296 GTS,400000
778,2023,Ferrari,812 Superfast,630000
779,2023,Ferrari,Daytona SP3,2350000
780,2023,Ferrari,296 GTB Assetto Fiorano Coupe,380900
781,2023,Ferrari,296 GTB,351400
782,2023,Ferrari,Purosangue SUV,326800
783,2023,Ferrari,SF90 Stradale,557000
784,2023,Ferrari,Purosangue,400000
785,2023,Lamborghini,Huracan Sterrato Opera Unica,267000
786,2023,Lamborghini,Urus Mansory Edition,230000
787,2023,Lamborghini,Urus Performante,260670
788,2023,Lamborghini,Aventador LP780-4 Ultimae Roadster,546840
789,2023,Lamborghini,Aventador LP780-4 Ultimae,498250
790,2023,Lamborghini,Huracan Evo RWD,230000
791,2023,Lamborghini,Huracan Tecnica,239000
792,2023,Lamborghini,Aventador,584000
793,2023,Lamborghini,Huracan Sterrato,270000
794,2023,Lamborghini,Huracan STO,387830
795,2023,Lamborghini,Aventador LP 780-4 Ultimae Roadster,606840
796,2023,Lamborghini,Countach,2800000
797,2023,Lamborghini,Aventador LP 780 4 Ultimae Roadster,546840
798,2023,Lamborghini,Huracan Tecnica RWD,239000
799,2023,Lamborghini,Aventador LP740-4 S,417820
800,2023,Lamborghini,Aventador SVJ Roadster,573960
801,2023,Lamborghini,Urus Performance,270000
802,2023,Lamborghini,Urus Pearl Capsule,246700
803,2023,Lamborghini,Urus S,230000
804,2023,Lamborghini,Urus Evo,269490
805,2023,Lamborghini,Aventador Ultimae LP 780-4,518250
806,2023,Lamborghini,Huracan Tecnica Coupe,239000
807,2023,Lamborghini,Aventador Ultimate LP 780-4,538250
808,2023,Lamborghini,Countach LPI 800-4,2640000
809,2023,Lamborghini,Sian Roadster,3900000
810,2023,Lamborghini,Countach LPI 800 4,2640000
811,2023,Lamborghini,Huracan STO RWD,377838
812,2023,Lamborghini,Aventador SVR Track-Only Edition,480000
813,2023,Lamborghini,Huracan Evo,291200
814,2023,Lamborghini,Urus,258000
815,2023,GMC,Aion Hyper SSR,186000
816,2023,GMC,Hummer EV SUV EV2x,94650
817,2023,GMC,Sierra 3500HD,43400
818,2023,GMC,Canyon Elevation 4WD,40200
819,2023,GMC,Yukon XL Denali Ultimate,97250
820,2023,GMC,Yukon Denali Ultimate,94550
821,2023,GMC,Savana Passenger Van 3500 LT,43500
822,2023,GMC,Savana Passenger Van 3500 LS,43500
823,2023,GMC,Savana Passenger Van 2500 LT,42300
824,2023,GMC,Savana Passenger Van 2500 LS,42300
825,2023,GMC,Canyon Denali,51000
826,2023,GMC,Yukon,57400
827,2023,GMC,Sierra EV Denali,55600
828,2023,GMC,Sierra 2500HD,42200
829,2023,GMC,Hummer EV,108700
830,2023,GMC,Yukon Denali,92350
831,2023,GMC,Yukon XL,60100
832,2023,GMC,Terrain,28400
833,2023,GMC,Acadia,35300
834,2023,GMC,Canyon AT4,43900
835,2023,GMC,Canyon Elevation Standard,28800
836,2023,GMC,Canyon AT4X,55500
837,2023,GMC,Sierra 1500 AT4X,81700
838,2023,Bentley,Continental GT Le Mans Collection,273300
839,2023,Bentley,Bentayga EWB Azure,843190
840,2023,Bentley,Flying Spur Mulliner W12,315200
841,2023,Bentley,Flying Spur Mulliner V8,299200
842,2023,Bentley,Flying Spur Azure,250300
843,2023,Bentley,Flying Spur Hybrid Mulliner,297400
844,2023,Bentley,Flying Spur Hybrid Azure,249100
845,2023,Bentley,Flying Spur Hybrid S,240500
846,2023,Bentley,Continental GT Mulliner Convertible,326200
847,2023,Bentley,Continental GT Azure,311000
848,2023,Bentley,Continental GT S Convertible,292500
849,2023,Bentley,Continental GT V8,235600
850,2023,Bentley,Bentayga Azure Extended Wheelbase,35750
851,2023,Bentley,Bentayga V8 Extended Wheelbase,226900
852,2023,Bentley,Bentayga Odyssean Edition,334000
853,2023,Bentley,Continental GT Speed,288500
854,2023,Bentley,Continental GT V8 Convertible,259200
855,2023,Bentley,Bentayga Speed,264600
856,2023,Bentley,Batur,1950000
857,2023,Bentley,Flying Spur,241200
858,2023,Bentley,Mulliner Batur,1950000
859,2023,Bentley,Continental GT S,225000
860,2023,Bentley,Bentayga Extended Wheelbase Range,160000
861,2023,Bentley,Bentayga EWB,160000
862,2023,Bentley,Bentayga Extended Wheelbase,263500
863,2023,Bentley,Bentayga,236900
864,2023,Bentley,Flying Spur Hybrid Odyssean Edition,408940
865,2023,Bentley,Bentayga W12 Speed,280000
866,2023,Bentley,Flying Spur Sedan,248900
867,2023,Bentley,Bentayga V8,197300
868,2023,Bentley,Flying Spur Mulliner,226000
869,2023,Bentley,Bacalar Mulliner,2155280
870,2023,Bentley,Flying Spur Speed,258700
871,2023,Bentley,Continental Mulliner Convertible,252080
872,2023,Bentley,Continental V8 Convertible,249600
873,2023,Bentley,Continental V8 Coupe,212500
874,2023,Bentley,Continental Mulliner,212500
875,2023,Bentley,Bentayga Hybrid,197300
876,2023,Bentley,Continental GT Speed Coupe,294900
877,2023,Bentley,Bentayga S,231100
878,2023,Bentley,Flying Spur V8,208600
879,2023,Bentley,Flying Spur Hybrid,214800
880,2023,Bentley,Continental GT Speed Convertible,317300
881,2023,Bentley,Flying Spur W12,315200
882,2023,Bugatti,W16 Mistral,5000000
883,2023,Bugatti,W16,5000000
884,2023,Bugatti,Chiron Super Sport 300 Plus,3900000
885,2023,Bugatti,Chiron Edition Noire,2990000
886,2023,Bugatti,Chiron,3400000
887,2023,Bugatti,Chiron Super Sport,3850000
888,2023,Rolls Royce,Spectre,400000
889,2023,Rolls Royce,Cullinan Black Badge,382000
890,2023,Rolls Royce,Ghost Black Badge,380500
891,2023,Rolls Royce,Wraith Coupe,655000
892,2023,Rolls Royce,Phantom Extended,605000
893,2023,Rolls Royce,Ghost Extended,408000
894,2023,Rolls Royce,Phantom,465000
895,2023,Rolls Royce,Wraith,469700
896,2023,Rolls Royce,Cullinan,348500
897,2023,Rolls Royce,Ghost V12,345000
898,2023,Rolls Royce,Dawn,438050
899,2023,Rolls Royce,Ghost,341500
900,2023,Mclaren,720S,528990
901,2023,Mclaren,P1 3.8L V8,1525100
902,2023,Mclaren,720S Performance Spider,428960
903,2023,Mclaren,720S Spider,408800
904,2023,Mclaren,P1 Spider,1200000
905,2023,Mclaren,Formula F1,410000
906,2023,Mclaren,720S Luxury,545700
907,2023,Mclaren,600LT Spider,256500
908,2023,Mclaren,570S Coupe,455700
909,2023,Mclaren,720S Luxury Spider,329000
910,2023,Mclaren,620R,319000
911,2023,Mclaren,765LT Spider,398000
912,2023,Mclaren,720S Coupe,399000
913,2023,Mclaren,570GT,223950
914,2023,Mclaren,720S Performance,582580
915,2023,Mclaren,Artura,237500
916,2023,Alfa Romeo,Stelvio Veloce,51520
917,2023,Alfa Romeo,Stelvio Quadrifoglio 100th Anniversary,85670
918,2023,Alfa Romeo,Giulia Quadrifoglio 100th Anniversary,81850
919,2023,Alfa Romeo,Giulia Lusso AWD,48320
920,2023,Alfa Romeo,Giulia Lusso,46320
921,2023,Alfa Romeo,Sprint Q4 AWD,38000
922,2023,Alfa Romeo,Tonale Ti PHEV Q4,44990
923,2023,Alfa Romeo,Giulia Sprint AWD,45950
924,2023,Alfa Romeo,Stelvio Ti AWD,87850
925,2023,Alfa Romeo,Stelvio Estrema,51150
926,2023,Alfa Romeo,Stelvio Sprint AWD,46200
927,2023,Alfa Romeo,Giulia AWD,45950
928,2023,Alfa Romeo,Giulia,46320
929,2023,Alfa Romeo,Giulia Veloce AWD,47990
930,2023,Alfa Romeo,Giulia Estrema AWD,47990
931,2023,Alfa Romeo,Giulia Estrema,46320
932,2023,Alfa Romeo,Giulia Ti AWD,47990
933,2023,Alfa Romeo,Giulia Veloce,46320
934,2023,Alfa Romeo,Giulia Sprint,44350
935,2023,Alfa Romeo,Giulia Veloce Ti AWD,46090
936,2023,Alfa Romeo,Stelvio AWD,48200
937,2023,Alfa Romeo,Giulia Ti Sport AWD,45700
938,2023,Alfa Romeo,Stelvio,51525
939,2023,Alfa Romeo,Stelvio Quadrifoglio,85670
940,2023,Alfa Romeo,Stelvio Ti,51150
941,2023,Alfa Romeo,Stelvio Veloce Ti,51150
942,2023,Alfa Romeo,Giulia Ti,46320
943,2023,Lincoln,Corsair,38690
944,2023,Lincoln,Navigator L Black Label,112300
945,2023,Lincoln,Navigator L,83380
946,2023,Lincoln,Navigator 4x2,79720
947,2023,Lincoln,Nautilus,44820
948,2023,Lincoln,Navigator L Standard 4x2,81380
949,2023,Lincoln,Aviator Livery RWD,51080
950,2023,Lincoln,Aviator Grand Touring,69360
951,2023,Lincoln,Navigator Reserve 4WD,91740
952,2023,Lincoln,SUV EV,72000
953,2023,Lincoln,Nautilus Reserve AWD,52930
954,2023,Lincoln,Navigator Standard 4x2,77710
955,2023,Lincoln,Navigator L Standard,82720
956,2023,Lincoln,Aviator Black Label Grand Touring,88900
957,2023,Lincoln,Aviator Grand Touring Plug In Hybrid,70190
958,2023,Lincoln,Navigator Standard AWD,80710
959,2023,Lincoln,Aviator Grand Touring Plug-In Hybrid,69190
960,2023,Lincoln,Corsair Standard AWD,39400
961,2023,Lincoln,Aviator Black Label Grand Touring Plug-In Hybrid,89280
962,2023,Lincoln,Navigator Reserve 4x4,94630
963,2023,Lincoln,Nautilus Reserve,51040
964,2023,Lincoln,Aviator Black Label,80725
965,2023,Lincoln,Aviator Reserve,58670
966,2023,Lincoln,Aviator Standard,53340
967,2023,Lincoln,Navigator Reserve,91935
968,2023,Lincoln,Navigator Black Label,109250
969,2023,Lincoln,Corsair Grand Touring Plug In Hybrid,52420
970,2023,Lincoln,Navigator Standard,79720
971,2023,Lincoln,Nautilus Standard AWD,46000
972,2023,Lincoln,Nautilus Standard,44825
973,2023,Lincoln,Corsair Grand Touring Plug-In Hybrid,53380
974,2023,Lincoln,Corsair Reserve AWD,45120
975,2023,Lincoln,Corsair Reserve,43070
976,2023,Lincoln,Corsair Standard,38690
977,2023,Lincoln,Aviator Livery,51370
978,2023,Volvo,EX30 Performance,47300
979,2023,Volvo,C40 Recharge Performance 82 kWh,55330
980,2023,Volvo,C40 Recharge Performance 78 kWh,59450
981,2023,Volvo,XC40 Recharge SR FWD,53670
982,2023,Volvo,EX90 Performance,80000
983,2023,Volvo,XC40 Recharge SR RWD,49780
984,2023,Volvo,XC90 Recharge,71900
985,2023,Volvo,S60 B5 AWD Core Dark Theme,43600
986,2023,Volvo,S60 B5 AWD Core Black Edition,45250
987,2023,Volvo,S60 B5 AWD Plus Dark Theme,46300
988,2023,Volvo,S60 B5 AWD Plus Black Edition,47950
989,2023,Volvo,S60 B5 AWD Ultimate Dark Theme,49050
990,2023,Volvo,S60 B5 AWD Ultimate Bright Theme,49050
991,2023,Volvo,S60 B5 AWD Ultimate Black Edition,50300
992,2023,Volvo,S60 Recharge T8 Core Plug-In Hybrid,51250
993,2023,Volvo,XC60 Recharge,57200
994,2023,Volvo,V90 Cross Country,58450
995,2023,Volvo,V60 Cross Country,48800
996,2023,Volvo,S60,41300
997,2023,Volvo,XC90 B5 Core,56000
998,2023,Volvo,EX90 Pure Electric,80000
999,2023,Volvo,C40 Recharge Pure Electric Twin Plus P8 eAWD,56850
1000,2023,Volvo,XC40 Recharge LR,55330
1001,2023,Volvo,XC40,46500
1002,2023,Volvo,EX90 LR,113940
1003,2023,MINI,Cooper S Countryman,31900
1004,2023,MINI,Cooper Hardtop,23400
1005,2023,MINI,John Cooper Works Countryman,41500
1006,2023,MINI,Cooper Countryman Plug-in Hybrid,41500
1007,2023,MINI,John Cooper Works Clubman,39500
1008,2023,MINI,Cooper Clubman,29900
1009,2023,MINI,Countryman,30000
1010,2023,MINI,Countryman Cooper SE ALL4 Untamed Edition,42500
1011,2023,MINI,Cooper Convertible,28400
1012,2023,MINI,Hardtop John Cooper Works,35900
1013,2023,MINI,Cooper Countryman ALL4,31600
1014,2023,MINI,John Cooper Works Classic Convertible,38900
1015,2023,MINI,Cooper S Countryman ALL4,37500
1016,2023,MINI,Cooper S Hardtop 2-Door,26900
1017,2023,MINI,Cooper Hardtop 4-Door,24400
1018,2023,MINI,Cooper S Classic Hardtop 4-Door,27900
1019,2023,MINI,Cooper S Hardtop 4-Door,27900
1020,2023,MINI,Cooper Hardtop 2-Door,23400
1021,2023,MINI,Cooper S Classic Hardtop 2-Door,26900
1022,2023,MINI,Cooper Classic Hardtop 4-Door,24400
1023,2023,MINI,Cooper Electric Hardtop,29900
1024,2023,MINI,Cooper Hardtop Cooper Classic 2 Door,23400
1025,2023,MINI,Cooper S Classic Countryman ALL4,33900
1026,2023,MINI,Clubman Cooper S Classic ALL4 Clubman,32900
1027,2023,MINI,Cooper SE Hardtop,33900
1028,2023,MINI,Cooper SE Signature Hardtop,29900
1029,2023,Acura,MDX 3.5L with Technology Package SH-AWD,56450
1030,2023,Acura,RDX A-Spec Package SH-AWD,49400
1031,2023,Acura,TLX Type S Performance Tire,56350
1032,2023,Acura,ZDX Type S,64500
1033,2023,Acura,ILX Premium & A-Spec Package,31300
1034,2023,Acura,MDX 3.5L Technology,53750
1035,2023,Acura,TLX Advance Package,51050
1036,2023,Acura,MDX,49050
1037,2023,Acura,TLX Type S PMC Edition,66990
1038,2023,Acura,MDX SH-AWD With Technology Package,55950
1039,2023,Acura,RDX PMC Edition,54300
1040,2023,Acura,Integra Manual,35800
1041,2023,Acura,Integra A-Spec Tech Package,36300
1042,2023,Acura,Integra A-Spec Package,33300
1043,2023,Acura,TLX 2.0T,39850
1044,2023,Acura,TLX Technology Package,43850
1045,2023,Acura,TLX A-Spec Package,46600
1046,2023,Acura,Integra Base,31300
1047,2023,Acura,MDX 3.5L SH-AWD,51250
1048,2023,Acura,RDX Technology Package AWD,45150
1049,2023,Acura,RDX SH-AWD,42500
1050,2023,Acura,MDX Type S with Advance Package,73200
1051,2023,Acura,MDX ILX,33200
1052,2023,Acura,Nsx Sh-Awd,170500
1053,2023,Acura,MDX 3.5L with Technology Package,54250
1054,2023,Acura,MDX 3.5L with A-Spec Package,59950
1055,2023,Acura,MDX Type S,67850
1056,2023,Acura,RDX A-Spec Package,47200
1057,2023,Acura,MDX 3.5L,49050
1058,2023,Acura,RDX A-Spec Advance Package,53550
1059,2023,Fiat,500e,52500
1060,2023,Fiat,E-Scudo,37990
1061,2023,Fiat,600e,39000
1062,2023,Fiat,Topolino,17500
1063,2023,Fiat,Abarth 500e,36000
1064,2023,Fiat,500 Icon,22440
1065,2023,Fiat,500X,28300
1066,2023,Fiat,500X Yacht Club Capri,29610
1067,2023,Fiat,500X Pop,28900
1068,2023,Fiat,500X Trekking,29400
1069,2023,Fiat,500X Sport,31950
1070,2023,Fiat,500x Trekking Plus,32860
1071,2023,Fiat,Trekking Plus,32860
1072,2023,Genesis,GV60 Performance AWD,67900
1073,2023,Genesis,GV60 AWD,58900
1074,2023,Genesis,GV60 RWD,59400
1075,2023,Genesis,G90 3.5T,88400
1076,2023,Genesis,G70,39400
1077,2023,Genesis,GV80 3.5T Advanced Plus,70850
1078,2023,Genesis,GV80 3.5T Advanced Plus AWD,70850
1079,2023,Genesis,G90 3.5T e-SC,98700
1080,2023,Genesis,G80,50000
1081,2023,Genesis,GV80,55800
1082,2023,Genesis,GV70,43150
1083,2023,Genesis,GV60 Performance,68290
1084,2023,Genesis,GV60 Advanced,59290
1085,2023,Genesis,G80 2.5T AWD,51400
1086,2023,Genesis,G70 3.3T AWD,46750
1087,2023,Genesis,G70 2.0T AWD,41250
1088,2023,Genesis,GV80 Prestige Signature,78200
1089,2023,Genesis,GV60 Sport,63390
1090,2023,Genesis,GV60 Sports Plus,80650
1091,2023,Genesis,GV60 Premium,60680
1092,2023,Genesis,G90 5.0L Ultimate AWD,83200
1093,2023,Genesis,GV70 2.5T AWD,41500
1094,2023,Genesis,GV80 2.5T AWD,55550
1095,2023,Genesis,G90 3.3T Premium,75950
1096,2023,Genesis,GV70 2.5T,43150
1097,2023,Genesis,Electrified G80,79820
1098,2023,Genesis,GV70 Sport,43990
1099,2023,Genesis,GV80 2.5T,55800
1100,2023,Genesis,GV80 3.5T,62950
1101,2023,Genesis,GV80 3.5T Prestige Signature,77700
1102,2023,Genesis,G90 5.0L Ultimate,79700
1103,2023,Genesis,G80 2.5T,50000
1104,2023,Genesis,G90,88400
1105,2023,Genesis,Electrified GV70,65000
1106,2023,Genesis,G70 3.3T,44900
1107,2023,Buick,Electra E4 GS Crossover,36200
1108,2023,Buick,Electra E4,26490
1109,2023,Buick,Electra E5 Avenir,40700
1110,2023,Buick,Encore Preferred,26100
1111,2023,Buick,Envista Avenir,25000
1112,2023,Buick,Electra E5,30500
1113,2023,Buick,LaCrosse,23490
1114,2023,Buick,Envista,21850
1115,2023,Buick,Encore GX Preferred,25900
1116,2023,Buick,Envision,31700
1117,2023,Buick,Enclave,44800
1118,2023,Buick,Encore GX,25900
1119,2023,Buick,Envision Preferred AWD,35350
1120,2023,Buick,Encore GX Essence AWD,30600
1121,2023,Buick,Encore GX Select AWD,27800
1122,2023,Buick,Enclave Avenir,57470
1123,2023,Buick,Encore GX Select,27300
1124,2023,Buick,Encore GX Essence,30500
1125,2023,Buick,Enclave Premium AWD,52000
1126,2023,Buick,Envision Essence,37500
1127,2023,Buick,Enclave Essence AWD,45000
1128,2023,Buick,Envision Preferred,33400
1129,2023,Buick,Enclave Avenir AWD,57300
1130,2023,Buick,Encore GX Preferred AWD,26400
1131,2023,Buick,Envision Essence AWD,37600
1132,2023,Buick,Envision Avenir,45660
1133,2023,Buick,Encore Preferred AWD,26820
1134,2023,Buick,Envision Avenir AWD,45760
1135,2023,Buick,Enclave Essence,44800
1136,2023,Buick,Enclave Premium,52035
1137,2023,Buick,Enclave Preferred,58100
1138,2023,Tesla,Model S LR,88500
1139,2023,Tesla,Model X LR Plus,98500
1140,2023,Tesla,Model 3 LR AWD,47240
1141,2023,Tesla,Model 3 LR RWD,58430
1142,2023,Tesla,Model Y SR Plus RWD 60kWh,60000
1143,2023,Tesla,Cybertruck,39900
1144,2023,Tesla,Model S,94990
1145,2023,Tesla,Model 3,43990
1146,2023,Tesla,Semi Long Range,195200
1147,2023,Tesla,Cybertruck Single Motor RWD,39900
1148,2023,Tesla,Model 3 Long Range AWD,58990
1149,2023,Tesla,Model X Standard Range plus AWD,99990
1150,2023,Tesla,Model 3 Performance AWD,60990
1151,2023,Tesla,Model X Long Range AWD,106990
1152,2023,Tesla,Cybertruck Tri Motor AWD,69900
1153,2023,Tesla,Cybertruck Dual Motor AWD,49900
1154,2023,Tesla,Model Y Standard Range,43990
1155,2023,Tesla,Model X,109990
1156,2023,Tesla,Model S Plaid,114990
1157,2023,Tesla,Model S Long Range,96990
1158,2023,Tesla,Model 3 Performance,53990
1159,2023,Tesla,Model Y,60000
1160,2023,Tesla,Model 3 Standard Plus,44990
1161,2023,Tesla,Model 3 Standard Plus RWD,60900
1162,2023,Tesla,Model Y Long Range,52990
1163,2023,Tesla,Model X Performance,107990
1164,2023,Tesla,Model S Performance,104990
1165,2023,Tesla,S Performance,104990
1166,2023,Tesla,X Performance,120990
1167,2023,Tesla,Model 3 Long Range,51990
1168,2023,Tesla,Model X Plaid,119990
1169,2023,Tesla,Model X Long Range,107990
